[{"created_at":"Fri Dec 15 21:55:26 +0000 2017","id":941788816666451969,"id_str":"941788816666451969","text":"#FriendlyFriday : A meeting of the minds. Michael sits with Russian ballet dancer Rudolf Nureyev. https:\/\/t.co\/BhCyCENbks","truncated":false,"entities":{"hashtags":[{"text":"FriendlyFriday","indices":[0,15]}],"symbols":[],"user_mentions":[],"urls":[],"media":[{"id":941788813373919240,"id_str":"941788813373919240","indices":[98,121],"media_url":"http:\/\/pbs.twimg.com\/media\/DRHn75qW0Ag6k0k.jpg","media_url_https":"https:\/\/pbs.twimg.com\/media\/DRHn75qW0Ag6k0k.jpg","url":"https:\/\/t.co\/BhCyCENbks","display_url":"pic.twitter.com\/BhCyCENbks","expanded_url":"https:\/\/twitter.com\/michaeljackson\/status\/941788816666451969\/photo\/1","type":"photo","sizes":{"thumb":{"w":150,"h":150,"resize":"crop"},"small":{"w":680,"h":508,"resize":"fit"},"medium":{"w":900,"h":672,"resize":"fit"},"large":{"w":900,"h":672,"resize":"fit"}}}]},"extended_entities":{"media":[{"id":941788813373919240,"id_str":"941788813373919240","indices":[98,121],"media_url":"http:\/\/pbs.twimg.com\/media\/DRHn75qW0Ag6k0k.jpg","media_url_https":"https:\/\/pbs.twimg.com\/media\/DRHn75qW0Ag6k0k.jpg","url":"https:\/\/t.co\/BhCyCENbks","display_url":"pic.twitter.com\/BhCyCENbks","expanded_url":"https:\/\/twitter.com\/michaeljackson\/status\/941788816666451969\/photo\/1","type":"photo","sizes":{"thumb":{"w":150,"h":150,"resize":"crop"},"small":{"w":680,"h":508,"resize":"fit"},"medium":{"w":900,"h":672,"resize":"fit"},"large":{"w":900,"h":672,"resize":"fit"}}}]},"source":"\u003ca href=\"http:\/\/www.hootsuite.com\" rel=\"nofollow\"\u003eHootsuite\u003c\/a\u003e","in_reply_to_status_id":null,"in_reply_to_status_id_str":null,"in_reply_to_user_id":null,"in_reply_to_user_id_str":null,"in_reply_to_screen_name":null,"user":{"id":54387680,"id_str":"54387680","name":"Michael Jackson","screen_name":"michaeljackson","location":"New York, NY USA","description":"The Official Michael Jackson Twitter Page","url":"https:\/\/t.co\/0hNSvo4n5Z","entities":{"url":{"urls":[{"url":"https:\/\/t.co\/0hNSvo4n5Z","expanded_url":"http:\/\/www.michaeljackson.com","display_url":"michaeljackson.com","indices":[0,23]}]},"description":{"urls":[]}},"protected":false,"followers_count":2201222,"friends_count":0,"listed_count":13269,"created_at":"Tue Jul 07 00:24:51 +0000 2009","favourites_count":0,"utc_offset":-18000,"time_zone":"Eastern Time (US & Canada)","geo_enabled":false,"verified":true,"statuses_count":1928,"lang":"en","contributors_enabled":false,"is_translator":false,"is_translation_enabled":false,"profile_background_color":"FFFFFF","profile_background_image_url":"http:\/\/pbs.twimg.com\/profile_background_images\/466632809390419968\/IHCw-MH8.jpeg","profile_background_image_url_https":"https:\/\/pbs.twimg.com\/profile_background_images\/466632809390419968\/IHCw-MH8.jpeg","profile_background_tile":false,"profile_image_url":"http:\/\/pbs.twimg.com\/profile_images\/556179314660478976\/l_MadSiU_normal.jpeg","profile_image_url_https":"https:\/\/pbs.twimg.com\/profile_images\/556179314660478976\/l_MadSiU_normal.jpeg","profile_banner_url":"https:\/\/pbs.twimg.com\/profile_banners\/54387680\/1509544578","profile_link_color":"C12032","profile_sidebar_border_color":"FFFFFF","profile_sidebar_fill_color":"E3E2DE","profile_text_color":"634047","profile_use_background_image":true,"has_extended_profile":false,"default_profile":false,"default_profile_image":false,"following":false,"follow_request_sent":false,"notifications":false,"translator_type":"regular"},"geo":null,"coordinates":null,"place":null,"contributors":null,"is_quote_status":false,"retweet_count":644,"favorite_count":3121,"favorited":false,"retweeted":false,"possibly_sensitive":false,"lang":"en"},{"created_at":"Wed Dec 13 15:00:35 +0000 2017","id":940959642418638849,"id_str":"940959642418638849","text":"The cast of Michael Jackson ONE got an incredible surprise: a first look at the short film, \u201cBlood on the Dance Flo\u2026 https:\/\/t.co\/IiNv2brkwR","truncated":true,"entities":{"hashtags":[],"symbols":[],"user_mentions":[],"urls":[{"url":"https:\/\/t.co\/IiNv2brkwR","expanded_url":"https:\/\/twitter.com\/i\/web\/status\/940959642418638849","display_url":"twitter.com\/i\/web\/status\/9\u2026","indices":[117,140]}]},"source":"\u003ca href=\"https:\/\/studio.twitter.com\" rel=\"nofollow\"\u003eMedia Studio\u003c\/a\u003e","in_reply_to_status_id":null,"in_reply_to_status_id_str":null,"in_reply_to_user_id":null,"in_reply_to_user_id_str":null,"in_reply_to_screen_name":null,"user":{"id":54387680,"id_str":"54387680","name":"Michael Jackson","screen_name":"michaeljackson","location":"New York, NY USA","description":"The Official Michael Jackson Twitter Page","url":"https:\/\/t.co\/0hNSvo4n5Z","entities":{"url":{"urls":[{"url":"https:\/\/t.co\/0hNSvo4n5Z","expanded_url":"http:\/\/www.michaeljackson.com","display_url":"michaeljackson.com","indices":[0,23]}]},"description":{"urls":[]}},"protected":false,"followers_count":2201222,"friends_count":0,"listed_count":13269,"created_at":"Tue Jul 07 00:24:51 +0000 2009","favourites_count":0,"utc_offset":-18000,"time_zone":"Eastern Time (US & Canada)","geo_enabled":false,"verified":true,"statuses_count":1928,"lang":"en","contributors_enabled":false,"is_translator":false,"is_translation_enabled":false,"profile_background_color":"FFFFFF","profile_background_image_url":"http:\/\/pbs.twimg.com\/profile_background_images\/466632809390419968\/IHCw-MH8.jpeg","profile_background_image_url_https":"https:\/\/pbs.twimg.com\/profile_background_images\/466632809390419968\/IHCw-MH8.jpeg","profile_background_tile":false,"profile_image_url":"http:\/\/pbs.twimg.com\/profile_images\/556179314660478976\/l_MadSiU_normal.jpeg","profile_image_url_https":"https:\/\/pbs.twimg.com\/profile_images\/556179314660478976\/l_MadSiU_normal.jpeg","profile_banner_url":"https:\/\/pbs.twimg.com\/profile_banners\/54387680\/1509544578","profile_link_color":"C12032","profile_sidebar_border_color":"FFFFFF","profile_sidebar_fill_color":"E3E2DE","profile_text_color":"634047","profile_use_background_image":true,"has_extended_profile":false,"default_profile":false,"default_profile_image":false,"following":false,"follow_request_sent":false,"notifications":false,"translator_type":"regular"},"geo":null,"coordinates":null,"place":null,"contributors":null,"is_quote_status":false,"retweet_count":485,"favorite_count":1733,"favorited":false,"retweeted":false,"possibly_sensitive":false,"lang":"en"}]