[{"created_at":"Fri Feb 02 17:30:39 +0000 2018","id":959479190360870912,"id_str":"959479190360870912","text":"We will be celebrating the accomplishments of Michael and the Black community, throughout February,\u2026 https:\/\/t.co\/YAZAbdSRv9","truncated":true,"entities":{"hashtags":[],"symbols":[],"user_mentions":[],"urls":[{"url":"https:\/\/t.co\/YAZAbdSRv9","expanded_url":"https:\/\/twitter.com\/i\/web\/status\/959479190360870912","display_url":"twitter.com\/i\/web\/status\/9\u2026","indices":[101,124]}]},"source":"\u003ca href=\"http:\/\/www.hootsuite.com\" rel=\"nofollow\"\u003eHootsuite\u003c\/a\u003e","in_reply_to_status_id":null,"in_reply_to_status_id_str":null,"in_reply_to_user_id":null,"in_reply_to_user_id_str":null,"in_reply_to_screen_name":null,"user":{"id":54387680,"id_str":"54387680","name":"Michael Jackson","screen_name":"michaeljackson","location":"New York, NY USA","description":"The Official Michael Jackson Twitter Page","url":"https:\/\/t.co\/0hNSvo4n5Z","entities":{"url":{"urls":[{"url":"https:\/\/t.co\/0hNSvo4n5Z","expanded_url":"http:\/\/www.michaeljackson.com","display_url":"michaeljackson.com","indices":[0,23]}]},"description":{"urls":[]}},"protected":false,"followers_count":2222012,"friends_count":0,"listed_count":13385,"created_at":"Tue Jul 07 00:24:51 +0000 2009","favourites_count":0,"utc_offset":-18000,"time_zone":"Eastern Time (US & Canada)","geo_enabled":false,"verified":true,"statuses_count":1964,"lang":"en","contributors_enabled":false,"is_translator":false,"is_translation_enabled":false,"profile_background_color":"FFFFFF","profile_background_image_url":"http:\/\/pbs.twimg.com\/profile_background_images\/466632809390419968\/IHCw-MH8.jpeg","profile_background_image_url_https":"https:\/\/pbs.twimg.com\/profile_background_images\/466632809390419968\/IHCw-MH8.jpeg","profile_background_tile":false,"profile_image_url":"http:\/\/pbs.twimg.com\/profile_images\/556179314660478976\/l_MadSiU_normal.jpeg","profile_image_url_https":"https:\/\/pbs.twimg.com\/profile_images\/556179314660478976\/l_MadSiU_normal.jpeg","profile_banner_url":"https:\/\/pbs.twimg.com\/profile_banners\/54387680\/1509544578","profile_link_color":"C12032","profile_sidebar_border_color":"FFFFFF","profile_sidebar_fill_color":"E3E2DE","profile_text_color":"634047","profile_use_background_image":true,"has_extended_profile":false,"default_profile":false,"default_profile_image":false,"following":false,"follow_request_sent":false,"notifications":false,"translator_type":"regular"},"geo":null,"coordinates":null,"place":null,"contributors":null,"is_quote_status":false,"retweet_count":1078,"favorite_count":3517,"favorited":false,"retweeted":false,"possibly_sensitive":false,"lang":"en"}]